"T, K","P, MPa",X,Y,T Err,P Err,X Err,Y Err
250,1.6547,0.4122,0.0005613,,,,
250,1.7236,0.2203,0.0004276,,,,
250,1.7513,0.0688,0.0003521,,,,
